the,1367
first,30
booke,6
of,990
faerie,11
qveene,1
contayning,1
legende,1
knight,174
red,21
crosse,6
or,125
holinesse,3
lo,13
i,189
man,69
whose,86
muse,6
whilome,3
did,483
maske,2
as,316
time,25
her,657
taught,11
in,705
lowly,14
shepheards,2
weeds,1
am,6
now,120
enforst,3
a,396
far,27
vnfitter,1
taske,1
for,364
trumpets,2
sterne,9
to,1172
chaunge,7
mine,24
oaten,2
reeds,1
and,1816
sing,5
knights,19
ladies,21
gentle,34
deeds,4
prayses,2
hauing,13
slept,6
silence,8
long,89
me,83
all,413
too,43
meane,3
sacred,18
areeds,1
blazon,1
broad,12
emongst,7
learned,7
throng,1
fierce,28
warres,5
faithfull,14
loues,15
shall,39
moralize,1
my,144
song,4
helpe,12
then,170
o,47
holy,19
virgin,20
chiefe,2
nine,4
thy,71
weaker,11
nouice,1
performe,2
will,35
lay,46
forth,88
out,66
thine,11
euerlasting,6
scryne,1
antique,5
rolles,1
which,259
there,79
lye,7
hidden,17
still,66
fairest,11
tanaquill,1
whom,78
that,917
most,55
noble,19
briton,2
prince,16
so,294
sought,11
through,102
world,30
suffered,2
much,40
ill,20
must,8
rue,1
his,970
vndeserued,2
wrong,8
thou,60
weake,16
wit,13
sharpen,1
dull,11
tong,6
dreaded,9
impe,2
highest,11
ioue,10
faire,130
venus,5
sonne,21
with,654
cruell,36
dart,8
at,148
good,42
cunningly,4
didst,3
roue,1
glorious,14
fire,31
it,156
kindled,3
hart,54
deadly,36
heben,2
bow,4
apart,2
mother,10
milde,4
come,29
ayde,4
both,69
you,63
bring,15
triumphant,2
mart,2
iollities,1
arrayd,1
after,45
murdrous,2
spoiles,1
bloudy,19
rage,25
allayd,1
them,135
eke,46
goddesse,4
heauenly,33
bright,27
mirrour,1
grace,33
maiestie,3
diuine,6
great,127
lady,34
greatest,12
isle,1
light,53
like,104
phoebus,14
lampe,5
throughout,6
doth,94
shine,7
shed,8
beames,7
into,42
feeble,23
eyne,5
raise,4
thoughts,6
humble,7
vile,9
thinke,15
true,22
type,1
argument,1
afflicted,1
stile,1
heare,24
vouchsafe,2
dearest,14
dred,3
while,24
canto,1
patron,1
foule,15
errour,4
defeate,1
hypocrisie,1
him,390
entrappe,1
home,7
entreate,1
was,325
pricking,2
on,163
plaine,20
y,1
cladd,1
mightie,17
armes,34
siluer,13
shielde,1
wherein,18
old,43
dints,1
deepe,32
wounds,10
remaine,7
markes,2
many,61
fielde,1
yet,124
till,54
he,744
neuer,71
wield,3
angry,10
steede,6
chide,1
foming,4
bitt,1
disdayning,1
curbe,1
yield,10
full,74
iolly,4
seemd,23
sitt,3
one,63
knightly,3
giusts,1
encounters,2
fitt,1
but,301
brest,24
bloudie,14
bore,14
deare,66
remembrance,3
dying,8
lord,30
sweete,6
sake,15
badge,1
wore,4
dead,29
liuing,41
euer,90
ador,2
d,111
vpon,67
shield,41
also,6
scor,1
soueraine,6
hope,15
had,158
right,42
deede,4
word,7
cheere,1
seeme,16
solemne,6
sad,58
nothing,13
dread,22
ydrad,1
aduenture,7
bond,2
gloriana,1
gaue,20
queene,25
lond,4
winne,3
worship,5
haue,101
earthly,18
things,17
craue,5
rode,13
earne,2
proue,8
puissance,8
battell,13
braue,10
foe,42
new,39
force,18
learne,4
dragon,12
horrible,8
stearne,1
louely,13
ladie,22
beside,7
asse,3
more,64
white,6
snow,2
she,306
whiter,1
same,39
hide,13
vnder,22
vele,3
wimpled,1
low,22
ouer,20
blacke,13
stole,6
throw,9
inly,3
mournd,1
heauie,18
sat,4
palfrey,4
slow,7
seemed,8
heart,15
some,29
care,12
by,147
line,1
milke,1
lambe,3
lad,2
pure,9
innocent,6
life,74
euery,57
vertuous,7
lore,5
descent,3
from,222
royall,21
lynage,1
came,49
ancient,3
kings,2
queenes,1
yore,4
their,194
scepters,1
stretcht,6
east,4
westerne,2
shore,4
subiection,1
held,6
infernall,7
feend,6
vprore,1
forwasted,2
land,23
expeld,1
auenge,7
this,125
co,2
m,11
peld,1
behind,12
farre,38
away,64
dwarfe,13
lag,1
lasie,1
being,6
last,57
wearied,2
bearing,1
bag,1
needments,2
backe,39
thus,41
they,178
past,14
day,74
cloudes,4
suddeine,5
ouercast,6
an,64
hideous,14
storme,4
raine,5
poure,2
lemans,1
lap,2
fast,46
wight,38
shrowd,3
constrain,1
couple,2
shroud,1
selues,6
were,100
fain,1
seeke,16
couert,1
nigh,34
hand,66
shadie,3
groue,1
not,172
spide,7
promist,1
tempest,2
withstand,6
loftie,10
trees,7
yclad,4
sommers,3
pride,23
spred,9
heauens,25
perceable,1
power,5
any,20
starre,6
within,8
pathes,2
alleies,1
wide,29
footing,7
worne,3
leading,1
inward,6
harbour,4
seemes,5
entred,4
arre,5
foorth,3
passe,9
pleasure,4
forward,16
led,17
ioying,1
birdes,2
harmony,1
therein,7
shrouded,1
scorne,4
sky,1
can,57
prayse,6
straight,5
hy,3
sayling,1
pine,2
cedar,1
proud,33
tall,3
vine,2
prop,1
elme,1
poplar,1
dry,5
builder,1
oake,2
sole,2
king,20
forrests,2
aspine,1
staues,1
cypresse,2
funerall,3
laurell,3
meed,6
conquerours,1
poets,3
sage,5
firre,1
weepeth,1
willow,1
forlorne,8
paramours,1
eugh,1
obedient,1
benders,1
birch,1
shaftes,2
sallow,1
mill,2
mirrhe,1
bleeding,8
bitter,22
wound,21
warlike,13
beech,1
ash,1
fruitfull,8
oliue,2
platane,1
round,17
caruer,1
holme,1
maple,2
seeldom,1
sound,15
delight,15
beguile,2
way,84
vntill,11
blustring,4
is,148
ouerblowne,1
when,177
weening,3
returne,8
whence,9
stray,7
cannot,8
finde,4
path,7
showne,2
wander,3
fro,13
wayes,11
vnknowne,7
furthest,4
end,31
neerest,1
weene,9
makes,9
doubt,7
wits,1
be,121
owne,26
turnings,1
seene,18
take,26
diuerse,3
been,2
resoluing,2
fare,6
beaten,5
bare,17
lead,7
labyrinth,1
about,42
tract,2
hunted,1
length,9
brought,40
hollow,13
caue,6
amid,2
thickest,2
woods,9
champion,9
stout,17
eftsoones,13
dismounted,1
courser,5
needlesse,4
spere,1
well,95
aware,2
quoth,53
least,8
suddaine,4
mischiefe,1
ye,49
rash,6
prouoke,2
danger,2
hid,6
place,47
wilde,7
breedes,3
dreadfull,24
doubts,1
oft,30
without,14
smoke,10
perill,8
show,10
therefore,12
your,61
stroke,16
sir,20
hold,21
further,10
triall,2
made,67
ah,21
said,63
shame,17
reuoke,1
shade,9
vertue,5
giues,4
selfe,57
darkenesse,3
wade,1
yea,2
better,11
wot,1
though,15
late,40
wish,3
disgrace,7
wisedome,7
warnes,1
whilest,5
foot,14
gate,8
stay,23
steppe,1
ere,14
forced,6
retrate,2
wandring,19
wood,15
errours,2
den,4
monster,9
god,41
does,59
hate,9
read,7
beware,3
fly,17
fearefull,13
no,61
men,24
greedy,9
hardiment,2
youthfull,1
could,84
ought,14
staide,2
vnto,85
darksome,4
hole,3
went,12
looked,4
glistring,7
armor,1
litle,12
glooming,2
saw,47
vgly,6
halfe,16
serpent,2
horribly,1
displaide,1
th,49
other,48
womans,2
shape,6
retaine,1
lothsom,1
filthie,4
disdaine,7
durtie,3
ground,49
huge,25
taile,7
ouerspred,3
knots,3
boughtes,1
vpwound,1
pointed,3
mortall,17
sting,8
bred,8
thousand,11
yong,1
ones,1
dayly,5
fed,7
sucking,1
poisonous,1
dugs,2
each,31
sundry,4
shapes,3
fauored,1
soone,41
vncouth,7
shone,8
mouth,8
crept,2
suddain,1
gone,4
dam,3
vpstart,1
effraide,1
rushed,2
hurling,1
cursed,17
head,31
folds,2
displaid,4
entraile,1
lookt,4
seeing,11
mayle,2
armed,4
point,13
turne,13
againe,39
hated,8
bale,6
ay,8
wont,22
desert,3
darknesse,8
where,98
none,33
might,100
see,58
nor,57
valiant,2
elfe,7
perceiu,5
lept,4
lyon,17
flying,11
pray,27
trenchand,2
blade,12
boldly,4
kept,8
turning,8
therewith,20
enrag,4
loudly,5
gan,112
bray,3
speckled,2
aduaunst,3
threatning,3
dismay,11
who,111
nought,32
aghast,6
enhaunst,2
down,3
shoulder,3
glaunst,1
daunted,4
dint,8
sence,6
dazd,2
kindling,2
gathered,2
attonce,5
beastly,8
body,15
raizd,1
doubled,3
forces,7
high,57
aboue,15
tho,8
wrapping,1
vp,76
wrethed,1
arownd,2
traine,11
suddenly,4
stirre,6
stroue,7
vaine,46
wrapt,3
endlesse,14
sore,35
constraint,5
cride,4
shew,16
what,72
bee,25
add,1
faith,14
faint,13
strangle,2
else,15
sure,9
thee,40
heard,26
perplexitie,5
gall,3
grate,2
griefe,27
knitting,3
got,7
free,13
wherewith,11
grypt,1
gorge,3
paine,30
loose,9
wicked,18
bands,11
constraine,6
spewd,1
filthy,15
maw,4
floud,1
poyson,3
lumpes,1
flesh,15
gobbets,2
raw,4
stunck,1
vildly,2
forst,12
slacke,2
grasping,2
vomit,1
bookes,4
papers,1
loathly,4
frogs,1
toades,1
eyes,38
lacke,4
creeping,6
weedy,1
gras,6
parbreake,1
defiled,2
has,14
father,7
nilus,1
gins,4
swell,2
timely,7
aegyptian,1
vale,2
fattie,1
waues,8
do,60
fertile,1
slime,2
outwell,1
ouerflow,1
dale,4
later,2
spring,5
auale,1
heapes,3
mudd,1
leaues,7
breed,3
ten,2
kindes,2
creatures,3
partly,2
male,1
female,1
seed,3
such,71
monstrous,14
elswhere,1
may,51
reed,1
annoyed,1
welnigh,1
choked,1
stinke,1
faile,4
ne,78
longer,2
fight,31
corage,6
shrinke,3
poured,2
hellish,8
sinke,2
spawne,1
serpents,1
small,5
deformed,9
monsters,3
fowle,25
inke,1
swarming,2
legs,1
crall,1
encombred,3
hurt,4
shepheard,2
euen,6
tide,3
ruddy,1
welke,1
west,4
hill,12
flocke,4
vewen,1
byte,1
hasty,6
supper,1
best,14
cloud,9
combrous,1
gnattes,1
molest,2
striuing,2
infixe,1
stings,3
noyance,1
rest,41
clownish,1
hands,21
tender,18
wings,8
brusheth,1
mar,1
murmurings,1
bestedd,1
certaine,3
stood,22
furious,15
resolv,1
minde,2
win,12
lose,3
before,45
once,17
would,88
lin,2
strooke,3
manly,11
sin,12
raft,1
hatefull,3
remorse,5
streame,9
cole,1
black,3
bloud,50
gushed,2
corse,14
scattred,2
brood,9
parent,1
rudely,10
falling,4
groning,4
troublous,6
feare,55
gathred,1
themselues,18
wonted,8
entrance,5
found,32
withstood,2
flocked,2
sucked,1
mothers,5
blood,11
making,6
death,56
detestable,1
sight,53
amazde,1
vnkindly,1
impes,1
heauen,41
accurst,2
deuoure,1
gazd,2
satisfide,2
thurst,1
bellies,1
swolne,3
fulnesse,1
burst,1
bowels,2
gushing,3
worthy,10
drunke,5
nurst,1
needeth,2
lenger,9
labour,10
spend,5
foes,10
slaine,13
should,30
contend,3
chaunst,12
approcht,1
hast,27
greet,6
victorie,6
borne,19
happy,5
vanquisht,5
armorie,1
glory,6
wonne,14
proou,2
strength,10
strong,28
enimie,1
henceforth,7
succeed,1
mounted,4
backward,7
wend,3
bend,4
follow,9
frend,5
passed,6
trauelled,1
meet,12
aged,18
sire,13
weedes,4
feete,5
beard,3
hoarie,4
gray,4
belt,1
hanging,2
sober,9
seemde,7
very,4
sagely,1
bent,11
simple,8
voyde,1
malice,4
bad,29
prayed,1
often,16
knockt,2
repent,3
saluted,2
louting,1
quited,1
courteous,2
asked,4
if,38
know,6
straunge,10
aduentures,9
abroad,8
pas,20
how,46
alas,2
silly,4
liues,4
cell,1
bidding,5
beades,3
trespas,1
tydings,12
warre,7
worldly,5
trouble,4
tell,28
sits,2
mell,1
daunger,3
hereby,1
dwell,16
homebred,1
euill,12
desire,12
tidings,2
wasteth,1
countrey,2
neare,9
chiefly,1
inquere,3
reward,2
dayes,14
weare,6
knighthood,4
creature,12
space,4
hence,8
wastfull,4
wildernesse,4
dwelling,5
thorough,3
distresse,5
sayd,2
draweth,1
toward,3
night,50
wote,8
forwearied,3
wanting,3
want,11
sunne,9
measures,1
baite,1
steedes,5
ocean,5
emong,1
worke,15
begin,5
vntroubled,1
say,17
counsell,5
aduised,1
bin,3
wisely,7
aduise,3
spent,11
content,4
godly,9
little,12
hermitage,2
downe,43
hard,18
forests,1
side,25
resort,1
people,13
trauell,4
froe,1
wyde,12
chappell,2
edifyde,1
hermite,1
dewly,1
morne,1
euentyde,1
thereby,11
christall,4
gently,6
play,11
fountaine,6
welled,2
alway,1
arriued,10
house,22
fill,11
looke,8
entertainement,2
feast,10
noblest,2
mind,17
contentment,1
discourse,4
euening,1
pleasing,1
wordes,9
store,8
file,1
tongue,6
smooth,1
glas,4
told,18
saintes,1
popes,1
euermore,15
strowd,1
aue,1
mary,1
drouping,3
creepeth,1
humour,3
loading,1
eye,27
liddes,1
messenger,8
morpheus,4
cast,22
sweet,18
slo,1
deaw,4
sleepe,16
biddes,1
lodgings,1
guestes,1
riddes,1
drownd,3
findes,3
study,1
goes,2
amiddes,1
magick,2
artes,3
seekes,3
mighty,12
charmes,6
sleepy,1
mindes,2
choosing,1
few,7
let,39
thereof,12
verses,2
frame,8
spelles,1
terrible,1
awake,9
plutoes,3
griesly,6
dame,40
spake,8
reprochfull,5
bold,17
dar,2
call,26
name,24
gorgon,1
cocytus,1
quakes,2
styx,1
put,6
flight,9
cald,3
legions,1
sprights,3
flyes,3
fluttring,1
damned,10
hed,11
waite,3
whereto,3
seruice,11
applyes,1
aide,3
friends,4
fray,6
enimies,2
those,30
chose,8
two,24
falsest,3
twoo,1
fittest,1
forge,2
seeming,18
lyes,5
message,5
doo,1
speedy,3
spersed,1
ayre,9
waters,3
hastily,5
repaire,6
earth,27
steepe,9
dawning,6
peepe,1
tethys,2
wet,2
bed,12
wash,6
cynthia,2
whiles,27
ma,1
n,11
tle,1
double,7
gates,4
findeth,1
locked,1
fram,2
burnisht,2
yuory,2
wakefull,2
dogges,1
watching,1
banish,2
enimy,7
sprite,4
quietly,2
comes,11
drowned,5
drowsie,2
fit,18
takes,4
keepe,8
lulle,1
slumber,1
soft,8
trickling,4
rocke,7
tumbling,2
drizling,2
loft,1
mixt,3
murmuring,2
winde,1
sowne,1
bees,1
swowne,4
noyse,5
peoples,5
cryes,3
are,30
t,8
annoy,4
walled,2
towne,1
carelesse,5
quiet,3
eternall,18
enemyes,1
approching,7
wast,7
returnd,4
mought,1
thrust,5
pusht,1
whereat,3
stretch,1
shooke,2
speake,6
dreame,10
dryer,1
braine,3
tost,3
troubled,4
sights,3
fancies,1
mumbled,1
breake,2
wake,3
threatned,2
hecate,1
quake,10
lifting,3
lompish,1
blame,5
hither,12
archimago,7
sent,12
stubborne,9
sprites,2
tame,4
bids,4
send,6
intent,12
false,44
delude,2
sleepers,1
obayde,1
calling,1
prison,2
darke,10
deliuered,3
deuoide,1
carefull,13
carke,1
sences,4
benumbd,1
starke,2
returning,5
yuorie,3
dore,15
remounted,1
chearefull,12
larke,2
winges,1
left,35
afore,5
spright,16
liquid,1
partes,3
liuely,4
mens,9
rauisht,2
quight,13
maker,1
wondrous,31
witt,2
beguiled,3
goodly,42
clad,9
vna,46
ydle,2
elfin,9
soundly,1
void,1
thought,24
shewes,4
abuse,3
fantasy,2
sort,4
schooled,1
priuily,3
dew,9
makers,1
guile,11
vsage,1
sly,1
imitate,1
trew,13
semblance,3
carrie,1
feigned,4
hew,15
instructed,3
comming,4
slomber,1
hardy,3
plast,2
lustfull,4
melt,4
bathed,2
wanton,12
blis,3
ioy,31
playnd,1
winged,2
boy,5
chast,6
subdewd,1
pleasures,4
toy,2
beautie,11
soueraigne,4
waking,2
chastest,1
flowre,9
braunch,2
daughter,21
leman,2
bound,7
graces,1
hymen,2
dauncing,5
around,7
whilst,3
freshest,6
flora,2
yuie,3
girlond,7
crownd,3
passion,7
vnwonted,8
lust,6
doing,3
amis,4
started,2
mistrust,1
secret,27
face,38
blake,1
hyding,2
bayted,1
hooke,1
blushing,3
offred,3
kis,2
blandishment,2
took,1
cleane,3
dismayd,9
enraged,5
shamelesse,1
guise,6
despight,11
heat,14
tempring,2
sufferance,1
wise,21
stayde,2
himselfe,38
sense,3
tempt,5
faigned,2
truth,12
wringing,1
wemens,2
pitteous,6
weepe,7
ruth,5
youth,4
liege,2
loue,56
accuse,2
fate,5
causes,2
wrought,11
blind,7
amate,2
hoped,5
perforce,5
die,18
rew,12
wretched,22
state,14
auenging,5
destinie,2
hath,57
iudge,3
indifferently,1
leaue,18
fathers,3
kingdome,7
stopt,1
teares,11
swollen,3
speach,9
bereaue,1
begun,2
yeares,10
captiu,2
fortune,12
frayle,3
feares,4
succour,2
dye,7
languor,1
why,16
frayes,2
comfort,9
affrayd,3
lets,1
wearie,28
anguish,13
vnpittied,1
plaint,4
doubtfull,9
words,22
redoubted,4
suspect,2
since,15
vntruth,1
knew,16
fawning,3
disdainefull,2
spight,6
shend,1
grew,15
assure,2
fell,35
deeme,3
procure,1
smart,14
cause,27
depart,3
appease,3
mournefull,5
plaintes,1
art,10
chuse,1
please,7
slyding,1
softly,7
turnd,9
ease,9
musing,3
mood,9
grieu,2
defence,4
wearinesse,1
former,8
yrockt,1
irkesome,1
freshly,5
tosse,5
bowres,5
beds,1
misformed,3
cant,11
ii,1
guilefull,7
enchaunter,5
parts,8
redcrosse,22
stead,4
falshood,3
steps,13
workes,5
wofull,16
northerne,1
wagoner,1
set,10
seuenfold,2
teme,5
stedfast,7
firme,4
fixt,3
sendeth,1
chaunticlere,1
note,4
shrill,2
warned,1
fiery,5
carre,1
climbing,1
easterne,2
enuious,4
roome,3
accursed,3
messengers,1
hell,16
feigning,1
forged,2
maister,8
bootelesse,1
paines,11
succeeding,2
skilfull,2
deluded,1
threaten,1
proserpines,1
wrath,19
affright,4
searcht,2
balefull,9
tooke,15
miscreated,1
subtile,4
aire,11
young,7
squire,11
lusty,1
loosely,2
regard,2
couered,4
misdeeming,2
together,10
laid,11
forthwith,3
runnes,1
guest,8
dreames,2
repast,4
wakes,1
frights,1
feends,3
cals,3
rise,3
vnhappy,3
swaine,2
here,15
wex,3
wights,4
knit,3
shamefull,7
chaine,3
honour,7
staine,1
amaze,3
start,2
sword,12
part,12
closely,4
ment,2
lewd,2
embracement,1
burnt,6
gealous,3
reason,4
yblent,1
ire,4
hardly,6
restreined,1
torment,7
guiltie,7
eat,6
yrkesome,2
lingring,5
hesperus,2
skie,1
rose,11
steed,10
rosy,2
fingred,1
morning,6
weary,5
tithones,1
saffron,1
purple,6
robe,2
deawy,3
hils,2
titan,2
discouered,4
off,14
drowsy,1
rising,1
baser,1
bowre,5
fled,12
wait,3
houre,3
waile,6
woefull,5
stowre,7
speede,3
beast,29
make,35
pricked,1
fruitlesse,2
limbes,5
search,1
grieued,5
vngently,1
loued,14
subtill,6
guests,2
diuided,1
drift,2
praisd,1
diuelish,5
arts,6
meaning,2
harts,11
rests,1
meanes,6
smarts,2
hissing,1
snake,4
troubles,5
deuisde,1
disguise,1
science,3
formes,1
proteus,1
sometime,2
fish,1
lake,5
foxe,1
flie,3
herbes,3
magicke,6
spell,3
person,7
anon,1
coward,1
crauen,1
crest,8
bounch,3
haires,3
discolourd,3
diuersly,4
addrest,6
sate,7
saint,6
george,4
himself,1
deemed,2
semblaunt,1
beare,26
wandred,5
guide,7
astray,5
meete,6
faithlesse,3
sarazin,10
arm,4
writ,6
letters,6
gay,8
sans,14
foy,8
large,7
limbe,2
ioint,1
cared,1
companion,1
scarlot,4
purfled,1
gold,20
pearle,3
rich,11
assay,9
persian,1
mitre,2
crownes,2
owches,2
garnished,2
lauish,1
louers,6
tinsell,1
trappings,1
wouen,3
waue,5
bridle,1
rung,1
golden,17
bels,1
bosses,1
disport,1
courting,3
dalliaunce,1
intertainde,1
louer,3
speare,15
aduaunce,3
mirth,2
addresse,2
prickt,5
spurred,1
adowne,11
coursers,1
staind,3
ride,11
spurring,1
hote,1
dispiteous,1
fairely,11
couch,3
towards,15
steeds,1
stagger,1
amazed,13
stand,14
rigorous,2
astonied,3
rebut,1
yeeldeth,1
rams,1
stird,1
ambitious,2
rule,5
fleeced,1
horned,2
fronts,1
either,7
terrour,6
shocke,1
sencelesse,4
blocke,2
forgetfull,4
victory,5
these,27
twaine,6
vnmoued,1
staring,5
holding,1
idely,1
broken,2
reliques,4
cruelty,1
buffe,2
snatcheth,1
fiercely,9
flies,4
wards,1
quyteth,1
cuff,2
others,7
equall,10
puissaunce,2
enuies,3
iron,2
sides,7
spies,1
perce,5
repining,2
courage,14
yields,2
foote,3
flashing,8
fier,1
burning,13
shields,5
streames,3
dies,1
verdant,2
fields,8
curse,2
keepes,1
ygoe,1
haddest,1
charme,2
forwarned,1
warne,1
assured,3
rigour,2
outrageous,4
smitt,1
share,2
hewd,3
glauncing,7
blest,4
thereat,4
wroth,3
sleeping,2
spark,1
natiue,9
reuiue,4
haughtie,5
helmet,7
mark,1
hugely,2
steele,18
riue,2
cleft,3
aliue,6
greeting,4
graue,11
grudging,1
ghost,7
striue,5
fraile,11
flitted,2
whither,2
soules,7
liue,7
fall,39
ruines,3
towre,6
staid,4
powre,21
scowre,1
sarazins,2
signe,5
conqueroure,1
ouertooke,1
present,7
ruefull,8
countenaunce,2
mercy,4
subiect,2
mischaunce,1
humblesse,4
ritch,1
emmoue,1
hero,2
icke,1
suddein,8
ouerthrow,4
rueth,1
melting,1
lament,9
woman,12
howre,4
thrall,10
commandement,1
list,6
lowre,1
betraide,1
auaileth,1
emperour,2
throne,6
tiberis,1
age,5
betrothed,1
onely,14
haire,6
meeke,5
debonaire,1
spousall,1
honours,1
staire,2
fone,1
cruelly,2
mone,5
blessed,5
spoild,3
breath,14
afterward,1
conuaid,1
maid,7
sorrow,11
soule,10
assaid,2
find,29
straid,1
widow,3
wounded,6
languish,2
striken,1
hind,1
chaunced,4
fort,5
lies,1
dishonour,1
liu,2
de,1
called,5
eldest,5
three,17
brethren,2
youngest,1
twixt,8
loy,2
plight,18
friendlesse,1
vnfortunate,1
miserable,2
fidessa,9
crauing,1
pitty,6
busying,1
quicke,1
view,3
eares,5
flint,1
woes,5
sorrowes,7
safe,7
assuraunce,1
friend,6
aid,5
lost,4
cheare,9
eyen,5
shamefast,2
yeelding,1
gain,2
feining,1
seemely,6
merth,2
coy,1
lookes,9
dainty,4
maketh,1
derth,2
traueiled,3
mosse,1
greene,13
trembling,15
blast,3
calme,2
shadow,6
compasse,1
mery,2
pipe,1
shund,2
vnlucky,2
spie,2
coole,1
thither,11
hastly,1
ymounted,2
hie,7
wheeles,3
chariot,1
hurled,2
beame,4
scorching,8
hot,4
mote,13
abide,9
endured,4
alight,6
limbs,5
pleasaunce,3
purposes,1
sit,10
falsed,2
fancy,1
liued,1
yit,3
expresse,2
bends,1
thinking,1
braunches,4
forehead,2
pluckt,3
bough,2
rift,3
drops,3
gory,2
trickled,3
piteous,7
yelling,2
voyce,4
crying,1
spare,4
guilty,4
teare,5
rough,5
rynd,1
embard,2
hap,7
happened,1
bought,4
astond,1
houe,1
horror,8
member,2
moue,8
whenas,9
ouerpast,2
manhood,1
occasion,3
doubting,1
bespake,5
limbo,1
empty,2
oftentimes,3
mistake,1
sends,2
speaches,3
rare,10
plaints,4
guiltlesse,5
fradubio,3
tree,16
nature,5
witch,10
wreake,3
transformd,1
open,21
plaines,1
boreas,1
blow,5
bleake,1
vaines,1
cold,11
mischieuous,1
misshaped,2
finds,3
med,3
cine,2
imparts,1
griefs,1
afflict,1
concealing,1
raging,8
flames,11
striueth,1
suppresse,1
author,2
duessa,37
sorceresse,2
erra,1
wretchednesse,4
prime,4
youthly,5
cheualree,3
lot,2
accompanyde,1
encountred,1
syde,1
hyde,4
beauty,2
dames,2
exceeded,1
likewise,2
arraunged,1
harder,3
prise,1
martiall,5
comely,7
doubly,2
lou,8
vnlike,2
indeede,3
compare,4
whether,9
beauties,4
glorie,6
exceede,1
victors,4
meede,1
won,1
discord,1
agreede,1
fr¾lissa,1
shee,3
ballaunce,2
equally,2
sway,3
raisd,1
streightway,2
foggy,3
mist,2
breathing,4
dimmed,3
shining,6
ray,5
forme,1
alone,5
fye,2
borrowed,2
appeareth,1
bewitched,1
visage,5
viewing,1
kild,2
wrathfull,10
treen,2
mould,6
thensforth,2
vnweeting,10
ioyd,8
wist,6
witches,3
penance,3
crime,8
proper,1
bathing,1
origane,1
thyme,1
vew,17
toucht,1
neather,2
misshapen,2
monstruous,1
hidd,1
water,9
beleeue,2
companie,2
refraine,2
slip,1
appeard,1
opportunitie,1
assur,2
decay,5
knowne,6
hag,2
chaunges,1
sleepie,1
ointments,1
besmeare,1
bodie,7
senses,6
bereaued,1
waste,2
pight,5
enclosd,1
wooden,2
wals,3
faste,1
banisht,1
our,7
we,13
euil,1
terme,4
prescribed,1
restore,6
suffised,1
fates,4
kynd,1
vs,12
vnbynd,1
hight,21
ghastly,5
dreriment,3
speech,2
fresh,22
clay,4
close,7
paynd,1
busie,5
reare,10
eylids,1
blew,5
pale,6
lift,2
kist,5
iii,1
forsaken,3
mylde,1
marres,1
deuotions,1
fals,1
leachour,1
vylde,1
heau,1
ns,1
hollownesse,1
moues,1
compassion,4
vnworthy,3
snares,1
fortunes,5
freakes,3
vnkind,5
lately,5
brightnesse,9
alleageance,1
fealtie,1
owe,1
kind,9
feele,6
perst,2
agonie,2
pittie,6
empassioned,1
vnaes,3
lines,3
handeling,2
touch,5
meriting,1
diuorced,1
despaire,5
due,7
deriu,1
solitarie,1
mayd,6
prease,1
exile,1
deserts,2
strayd,2
subtilly,1
betrayd,3
vision,1
abandond,1
wastnesse,1
daily,8
wished,5
vnhastie,1
grasse,1
daintie,7
fillet,1
vndight,1
aside,8
angels,5
shyned,2
sunshine,1
behold,23
fortuned,3
ramping,4
suddainly,1
hunting,1
greedie,8
saluage,7
spy,3
gaping,5
ran,9
greedily,4
deuour,1
drew,7
ny,1
asswaged,1
amazd,5
forgat,1
forse,3
feet,15
lickt,1
lilly,3
wronged,1
innocence,2
weet,10
subdue,1
yeelded,3
submission,1
dreading,1
marked,2
affection,2
euerie,1
field,15
princely,7
abate,4
hungry,4
estate,3
adord,1
abhord,2
redounding,1
choke,4
ecchoed,2
neighbour,3
sorrowfull,3
kingly,2
gazing,7
calmd,2
shutting,1
arose,6
snowy,2
strayed,1
attaine,3
desolate,4
along,2
gard,3
mate,2
misfortunes,2
watch,5
ward,3
wakt,1
waited,2
diligent,1
prepard,1
commaundement,1
conceiued,1
shold,1
espyde,1
troden,1
mountaine,4
hore,3
followes,3
damzell,2
spyde,5
shoulders,3
pot,1
rude,8
wench,1
answer,2
vnderstand,6
pitcher,1
threw,12
lyons,3
behynd,1
wager,1
whereas,7
blynd,1
catching,3
quaking,1
signs,1
fright,1
affray,4
shut,5
requere,2
vnruly,2
page,2
clawes,7
wicket,1
rent,7
astonishment,1
darkesome,8
corner,2
pent,1
deuoutly,2
penitent,1
hundred,4
pater,1
nosters,1
thrise,10
aues,1
augment,2
painefull,3
pennance,1
weeke,1
ashes,6
next,11
wrinkled,1
skin,3
sackcloth,2
times,3
bit,3
beads,1
forget,3
remoue,2
framed,2
count,4
nance,4
doen,12
cotage,1
commeth,2
shrowded,1
laies,1
losse,10
sighes,2
grones,1
thinks,1
aldeboran,1
shynie,1
cassiopeias,1
chaire,4
lie,4
knocked,2
curst,1
sware,1
readie,6
heauy,3
load,2
nightly,2
stelths,1
pillage,1
seuerall,1
purchase,1
criminall,1
weete,1
sturdie,6
thiefe,2
robbe,2
churches,1
ornaments,2
poore,5
boxes,1
reliefe,6
giuen,2
intents,1
saints,3
vestiments,1
disrobe,1
priests,1
habiliments,2
safety,3
cunning,5
sleights,3
window,1
bestow,2
abessa,1
corceca,1
whoredome,1
vsd,1
fat,1
offerings,1
plentie,1
grow,8
spared,2
giue,8
rings,1
stolen,1
threats,2
bet,3
women,2
durst,11
rize,2
frayed,1
aduize,2
breakes,1
wize,3
entring,2
disdainfull,3
encountring,3
surprize,1
seizing,1
lordly,3
proudly,2
supprest,2
booteth,3
resist,1
vengers,1
streight,9
peeces,3
quite,21
dismembred,2
thirstie,4
strand,1
dare,5
affraid,2
mishappen,1
iourney,4
passing,7
greeke,1
refused,2
deitie,1
labours,8
seeking,1
weened,3
nie,1
parted,4
thence,21
finding,1
kirkrapine,1
rend,6
beat,4
brests,1
naked,4
wept,4
wayld,2
ranne,1
mad,3
reuenging,3
causer,1
ouertaking,1
howling,1
lamenting,2
cry,6
shamefully,2
rayling,2
accusing,1
dishonesty,1
chastity,1
amidst,1
plagues,1
mischiefs,1
misery,2
error,2
prayers,3
preuaile,3
returned,4
met,4
embost,2
bragging,1
bost,1
archimag,1
traynes,2
besought,5
tellen,3
renew,8
raile,2
saying,3
harlot,1
causd,1
story,1
haplesse,4
chaunce,4
fair,1
enchaunted,3
charmed,5
launce,1
traueild,8
wayting,3
besyde,1
turned,3
weend,2
ryde,4
weeping,3
lacked,1
bene,11
feared,5
done,5
displeasen,1
ioyous,15
mis,2
chearelesse,4
welcome,6
thereto,5
meeting,1
faery,10
court,11
meere,1
goodwill,1
sooner,1
kindly,5
skill,6
fruit,5
liefe,2
yborne,4
berth,2
sooth,1
strange,6
felon,1
deface,3
excuse,1
accept,2
embrace,1
seas,3
vowd,3
defend,4
recompence,1
louing,4
dispence,1
dram,1
worth,5
pound,1
sowre,2
forgot,3
endur,4
speakes,1
looken,2
stands,3
toyld,1
marinere,1
soust,1
swelling,3
saltish,1
tand,2
tawney,1
bide,3
orions,1
hound,1
port,2
espide,6
whistle,1
merrily,1
nereus,1
cups,1
mates,1
pledg,1
lesse,5
glad,12
marchant,1
ship,2
watrie,1
hurles,2
vowes,4
neptune,2
blesse,5
discoursing,2
askt,4
ridden,1
hastie,11
strongly,3
armd,4
fiercenesse,1
fomed,1
sweat,3
sharpe,8
yron,24
anger,1
ryder,2
spurd,1
chauffed,3
threat,7
reuenge,4
dyde,5
payre,2
prepare,2
couched,3
loth,4
taste,3
vntryed,1
spurnd,1
horse,4
heele,1
paynim,11
sharp,1
vainely,1
crossed,2
pierce,1
staggering,3
shrunke,1
push,3
saddle,1
tombling,2
rush,2
gored,2
gush,1
dismounting,1
lightly,11
reaue,2
worthie,1
slew,5
sansfoy,5
knife,7
freed,1
strife,8
peace,7
passen,2
lethe,1
altars,4
purgd,1
enemies,2
furies,5
aslake,1
tookst,1
sansloy,2
haste,5
vnlace,2
enough,6
mercie,3
truest,1
conquered,2
fauourd,1
thriue,1
depriue,2
rending,3
sees,1
ashamed,1
wondred,7
vntold,1
lists,2
lucklesse,5
syre,8
doe,18
mishap,1
yre,5
fault,3
answered,2
traunce,1
dazed,3
lying,2
amased,1
mockt,2
guerdon,3
misfeigning,1
cleanly,2
garment,4
seruant,1
awe,1
handled,1
sawe,1
iawes,4
reft,6
inflame,1
griping,2
pawes,3
redeem,1
drawes,2
wielded,1
feates,3
perced,1
chaufed,1
chest,2
thrilling,3
brand,1
launcht,2
opprest,4
roar,1
aloud,1
forsooke,3
spoile,3
lawlesse,3
remou,2
dismaid,7
saue,8
spill,1
reproches,2
entertaines,3
nill,1
beares,8
filleth,1
stony,6
riuen,5
wets,1
flowing,1
rancor,1
heares,2
seruile,1
partaker,2
woe,11
mild,1
iiii,1
sinfull,9
guides,1
brothers,4
wreak,1
sansioy,3
chalenge,1
dost,1
professe,1
huntest,1
fame,9
fraud,1
ficklenesse,2
choice,1
change,1
misweening,1
greater,16
lightnesse,1
inconstancie,1
ensample,5
plainly,1
lorne,1
loialtie,1
sted,4
fidess,1
supposd,1
building,3
brauely,1
troupes,2
thitherward,1
degree,7
scaped,1
beggerie,1
case,5
loathsome,3
lazars,1
hedges,1
pace,11
toilesome,2
consumed,3
stately,6
pallace,5
built,5
squared,1
bricke,1
morter,1
thick,1
foile,1
purest,1
skye,5
lifted,3
towres,4
galleries,1
windowes,2
delightfull,2
top,9
diall,1
howres,2
heape,4
behould,1
praises,1
workmans,1
foundation,3
sandie,2
flit,1
shaked,2
hinder,1
ruinous,1
painted,2
charge,8
porter,2
maluenœ,1
denide,1
hall,8
array,5
costly,2
arras,2
dight,11
infinite,1
sorts,2
waiting,1
presence,9
mount,4
confound,2
princes,6
richesse,2
sumptuous,2
persia,1
nourse,4
pompous,1
crew,6
lordes,2
beautifide,1
cloth,1
sunny,6
embellished,1
robes,4
gorgeous,4
mayden,1
titans,2
peerelesse,1
pretious,5
stone,7
blazing,4
dim,1
enuying,1
exceeding,14
childe,2
presume,1
firie,5
wayne,2
flaming,8
mouthes,1
rayne,1
aduancement,1
daze,1
welkin,1
rapt,1
whirling,1
inflames,1
skyen,1
burne,3
shyne,2
looking,3
disdayne,1
sitting,3
vnderneath,13
scornefull,2
layne,1
trayne,2
mirrhour,2
vewed,2
fayne,1
pluto,1
proserpina,1
pearelesse,1
parentage,1
thundring,4
claymed,1
excell,5
aspyre,1
higher,1
desyre,1
lucifera,2
rightfull,4
heritage,1
soueraintie,1
vsurpe,1
tyrannie,2
scepter,1
ruld,1
realmes,1
lawes,3
pollicie,1
aduizement,1
six,5
wisards,1
counsels,2
vphold,4
elfing,1
husher,1
vanitie,3
rowme,2
passage,9
prepaire,2
lowest,2
knee,5
obeyssance,1
declare,3
report,2
maiestee,1
thanked,1
vouchsafed,1
princesse,3
scarse,7
arise,8
deuise,5
setten,1
straungers,1
frounce,1
curled,2
courtly,3
prancke,1
ruffes,1
trimly,1
attire,3
entertaine,5
increast,1
duess,2
kindnesse,1
courtesie,3
whylome,4
mongst,2
middest,3
crowd,1
prowd,1
countenance,5
allowd,1
vpriseth,1
coche,2
hurtlen,2
aurora,2
pall,3
brode,1
blaze,2
thronging,1
gaze,4
glitterand,2
clyme,1
adorned,1
girlonds,2
match,2
iunoes,1
gods,10
ioues,3
bras,6
paued,2
drawne,2
pecocks,1
argus,1
tailes,1
dispredden,1
vnequall,3
beasts,6
counsellours,1
obay,2
bestiall,1
beheasts,1
conditions,1
kinds,1
applyde,1
guyde,3
sluggish,3
idlenesse,2
slouthfull,1
arayd,5
habit,1
thin,3
monck,1
portesse,1
deuotion,2
ded,4
guiding,2
worldy,2
cares,3
esloyne,1
greatly,7
shunned,1
exercise,2
chalenged,1
essoyne,1
contemplation,2
otherwise,2
riotise,2
grieuous,6
malady,2
lustlesse,1
shaking,5
feuer,2
raignd,2
continually,4
company,5
gluttony,2
swyne,1
belly,3
blowne,3
luxury,1
fatnesse,1
crane,1
necke,4
fyne,1
swallowd,3
excessiue,2
whereof,14
pyne,1
brutish,2
spued,1
deteast,1
fitly,1
clothes,2
girland,2
somewhat,1
bouzing,1
supt,1
seat,5
dronken,1
vpholden,1
vnfit,4
thing,14
vnhable,2
go,6
meat,1
drinke,2
seldome,1
fo,1
diseases,1
carcas,2
dropsie,1
flow,4
misdiet,1
second,4
lechery,1
bearded,1
goat,1
rugged,3
whally,1
gelosy,1
appeare,12
vnseemely,1
fairer,1
faces,1
bid,2
standen,1
womens,3
gowne,1
clothed,2
filthinesse,1
follies,1
fanglenesse,1
fraught,4
daunce,2
ruefulnesse,1
bait,2
fleshly,6
hookes,1
inconstant,1
lusted,1
looser,3
law,6
hearts,1
loyall,2
lewdnesse,1
fild,8
reproue,1
rots,1
marrow,2
consumes,1
lecherie,1
third,3
auarice,2
camell,1
loaden,2
coffers,1
hong,12
precious,3
mettall,2
coine,1
pelfe,1
money,1
sold,2
vsurie,1
trade,1
ylike,1
waide,1
deaths,2
doore,2
yplast,1
thred,1
cote,1
cobled,1
shoes,2
ware,5
morsell,1
tast,1
bags,1
chylde,1
kinsman,1
get,2
suffise,1
need,10
couetise,2
wealth,3
ple,1
ty,1
pore,4
disease,2
gout,1
tormented,1
fourth,2
band,11
malicious,1
enuie,4
rauenous,3
wolfe,3
chaw,2
betweene,1
cankred,1
teeth,6
venemous,2
tode,1
poison,3
inwardly,2
chawed,1
neighbours,2
harme,3
wexed,5
kirtle,1
ypainted,1
bosome,1
secretly,3
vptyes,1
implyes,3
gnasht,1
griple,1
couetyse,1
grudged,1
felicitie,2
vse,5
gracious,1
bread,1
feeds,1
almes,2
verse,3
famous,8
backebite,1
spightfull,1
spues,1
leprous,1
writt,1
fift,2
row,2
rides,1
vvrath,4
lion,1
brond,3
brandisheth,1
hurle,2
sparkles,2
stared,2
beheld,10
dagger,2
whe,2
choler,1
sweld,3
ruffin,1
raiment,1
spilt,4
rags,1
yrent,2
vnaduized,1
rashnesse,1
woxen,4
gouernement,2
car,4
auengement,2
facts,1
wilfull,2
forecast,1
mischieues,1
ensue,1
heedlesse,1
mischiefes,2
abhorred,2
bloudshed,1
tumultuous,1
vnmanly,1
murder,1
vnthrifty,1
scath,2
rancours,1
rusty,2
fretting,1
enemy,6
euils,3
moe,2
haunt,4
splene,1
frenzy,1
rife,3
palsey,1
fraunces,1
vngodly,1
tire,2
wagon,3
sathan,1
smarting,3
whip,2
lasht,1
laesie,1
slowth,2
mire,3
routs,2
showting,1
scattered,3
sculs,1
bones,1
marchen,1
solace,2
flowring,2
sport,1
lucifer,1
estraunging,1
ioyaunce,1
fellowship,1
solaced,1
yfed,1
errant,2
ycled,1
heathnish,1
enflam,2
fury,5
fiers,5
nourish,1
vengeaunce,2
shamed,2
champions,1
bewraying,1
destroy,3
brother,1
leapt,1
gage,2
snatcht,5
wage,1
disdaind,1
rencountring,1
reskewd,1
battaile,3
ready,5
darrayne,2
clash,1
shake,8
swords,4
sturre,1
displeasure,1
ensewen,2
commaunded,1
morrow,4
pardon,3
raines,1
reasons,1
recreant,1
treachour,1
treason,4
slayn,1
prowest,2
refrayn,1
renuerst,1
disdayn,1
loe,6
possessed,4
traytour,1
reapes,1
haruest,1
sowen,2
dearely,7
requight,2
fauour,5
showe,1
answerd,5
meant,2
plead,3
gauntlet,1
pledge,2
combat,3
try,2
edge,2
aueng,1
iollity,3
feasting,1
steward,2
gluttonie,1
plenty,1
chamberlain,1
displayd,3
coleblacke,3
curtein,1
brightest,5
youthes,1
dayntie,1
couches,1
layd,9
chace,3
leaden,1
mace,2
arrested,1
resting,1
paynims,3
lodging,2
silent,1
forecasting,1
amoues,2
ymage,1
greeu,2
cheualrye,1
flye,1
sighing,2
tempred,1
muchell,2
ioyed,1
wasted,6
felt,6
perils,6
hop,1
reape,1
crop,1
faytor,1
snare,2
entrapped,1
yeeld,3
sperst,1
lowring,1
clowd,2
loathed,3
safely,1
inheritance,1
belongs,1
longs,1
restlesse,2
vnreueng,1
calles,2
stygian,2
shores,1
vantage,1
helplesse,2
vitall,3
greeued,1
vengeance,7
grone,4
pay,4
dewties,1
sacrifice,1
fickle,2
oddes,2
alike,1
charmd,1
ferce,1
whit,3
reck,1
reherce,1
sithens,2
captiued,1
subdew,5
foyes,1
dowry,1
endew,1
secrete,1
obaid,1
v,1
subdewes,1
saues,1
cure,3
goe,12
harbours,1
child,4
excellent,4
deuizing,1
doughtie,4
turnament,1
atchieuen,1
orientall,1
bridegrome,1
deawie,1
hurld,1
gloomy,2
wakeful,1
sun,1
battailous,1
pagan,2
commune,2
earely,2
straunger,2
minstrales,1
maken,1
melody,2
driue,7
melancholy,2
bardes,1
chord,1
tune,1
voyces,1
chroniclers,1
record,3
maile,2
warily,1
sternly,1
pin,1
wines,1
greece,1
araby,1
spices,1
fetcht,2
ynd,2
kindle,3
wine,4
oth,1
bynd,3
obserue,1
assynd,2
renowmed,5
pomp,1
ybrought,1
paled,1
placed,2
canapee,1
hangd,2
lawrell,1
victor,2
shrilling,3
trompet,1
sownded,1
hye,7
battaill,1
shieldes,1
wrestes,1
tye,2
blades,2
heads,6
instruments,2
heauinesse,3
assayle,2
strike,3
impresse,1
dinted,2
furrowes,2
battred,2
walles,2
blowes,4
heaped,9
hammers,2
strokes,5
thunders,1
stricken,3
flyeth,1
helmets,2
hewen,3
marks,1
eithers,1
striues,2
gryfon,1
seized,1
encountreth,1
widest,1
rauine,2
horrour,7
smight,1
souce,1
southsayer,1
vulgar,1
tels,1
bight,2
earst,11
vermillion,1
gazers,1
woundes,5
gape,2
fyre,2
redoubled,2
doest,13
wayling,1
hyre,2
german,3
slake,3
ouertake,4
caytiue,5
quickly,5
redeeme,5
quit,4
twise,2
reeled,1
lookers,1
lowd,4
swowning,1
quickning,1
mou,2
auengd,1
furie,2
strake,1
stoupe,1
stouped,1
clouen,1
miscreant,2
vanisht,3
alowd,1
receiues,2
darknes,1
running,6
terror,2
quench,2
flame,3
powres,8
couering,1
conquest,4
yours,3
bath,2
standes,1
fade,4
triumph,1
heralds,1
homage,1
enmitie,1
goeth,1
accepts,1
thankes,3
gree,1
aduauncing,3
marcheth,2
glee,5
shouting,2
clapping,1
fils,1
leaches,2
salue,1
hurts,3
bled,1
oyle,1
embalme,1
musicke,4
diuide,3
agony,1
bitterly,1
traueller,1
strayes,1
muddy,1
seuen,4
mouthed,3
nile,1
perillous,1
craftie,3
crocodile,1
harmefull,3
sheddeth,1
foolish,5
pitties,1
vnwares,9
anothers,2
euentide,1
shyning,2
lampes,2
hethen,1
slombring,2
swownd,2
voyd,1
couer,3
inchaunted,2
wayle,1
coast,2
pitchie,1
mantle,2
mew,1
charet,6
alreadie,1
harnessed,2
rustie,3
bits,2
champ,1
adornd,3
iewels,1
cleare,4
vnacquainted,2
began,2
retyred,1
stayd,3
proceede,1
auncient,9
grandmother,1
breede,2
c¾lestiall,1
begot,1
d¾mogorgons,1
sawst,1
secrets,2
vnmade,1
suffredst,1
nephewes,1
betrade,1
fowles,1
boots,1
aveugles,1
sonnes,4
nightes,1
children,5
nephews,3
dreary,3
gather,2
race,9
feeling,3
speeches,5
moued,3
proued,1
rightly,2
mee,4
successes,1
ensew,2
destinee,1
chayne,1
necessitee,2
tyde,4
fauoureth,1
thinkes,2
excheat,1
escape,3
freely,3
price,5
guilt,7
telst,1
kilt,2
garments,5
gilt,1
deceipt,3
bowing,1
resemblance,2
lurke,2
carried,2
discerne,1
root,2
duessaes,1
longd,1
betakes,1
welfauourd,1
mirkesome,1
twyfold,1
pitch,2
browne,1
vnlich,1
swim,1
stampe,1
vnlesse,1
mouths,1
twitch,1
tarre,1
bridles,1
champe,1
trampling,1
fine,1
element,3
rampe,1
sped,2
deuoid,1
outward,1
couerd,1
luckelesse,2
cruddy,1
congealed,2
binden,1
handle,2
healed,2
concealed,1
dogs,2
cease,2
bay,1
giuing,1
warning,2
owle,2
drearie,3
shriekes,5
bewray,3
wolues,1
howle,2
easie,5
yawning,2
gulfe,2
auernus,1
bace,2
smoake,2
sulphure,1
hiding,1
descends,1
chaines,3
brast,3
direfull,3
biliue,1
ghosts,4
chattring,1
stonie,1
flockt,1
acheron,1
wailing,1
woefully,1
flood,6
phlegeton,1
torments,2
fry,2
bootlesse,3
cursing,1
punishment,2
eternally,2
threshold,1
cerberus,2
adders,1
lilled,1
bristles,2
felly,1
gnarre,1
ixion,1
wheele,1
daring,1
sisyphus,1
reele,1
against,8
tantalus,1
chin,2
tityus,1
vulture,1
typhoeus,1
ioynts,2
stretched,3
gin,3
theseus,1
condemned,2
slouth,1
fifty,1
sisters,2
leake,1
vessels,1
draw,9
beholding,1
vnmindfull,1
ywrought,1
vneasie,1
dolefull,8
comfortlesse,3
sculapius,2
emprisond,2
remedilesse,2
hippolytus,3
redresse,1
huntsman,2
peeres,1
surpas,2
forbore,1
stepdame,2
sweets,1
accused,1
termes,4
abused,1
sea,7
surging,1
gulf,1
chasing,1
swift,3
corps,1
ragged,9
cliffs,2
members,1
moniment,1
donne,8
auowing,1
hearing,4
offend,2
gathering,2
relicks,1
dianes,2
hippolyts,1
sculape,1
heale,4
ioyned,1
mans,2
auizd,1
expired,2
thunderbolt,1
ywounded,1
remaining,1
alwaies,1
wilth,1
salues,3
health,6
raged,1
arriuing,2
waine,1
disarayd,1
discouer,2
harmes,3
beseeching,1
prayer,1
praise,3
oyles,1
fordonne,3
request,6
prolong,2
daies,1
temptest,1
continued,1
attempt,1
biddest,1
eeke,1
defray,1
rules,4
sith,4
excluded,1
fearest,2
canst,1
hurten,1
apollo,1
medicine,1
preuaild,1
leach,2
teach,5
aueugles,1
runne,7
recure,2
leauing,4
noyous,3
departed,1
albe,2
throughly,2
heald,2
vnreadie,1
hasten,1
wary,3
dongeon,8
numbers,1
thrals,1
wayled,1
eie,4
captiuitie,1
mortgaging,1
tyrannesse,1
prouokt,2
surmise,1
mercilesse,3
babylon,1
compell,2
nations,3
adore,3
celestiall,3
doome,4
throwne,8
oxe,1
transform,2
croesus,1
riches,1
antiochus,1
gainst,4
daunst,1
nimrod,1
warrayd,1
ninus,1
pompe,3
obayd,2
monarch,1
vpbrayd,3
ammons,1
magnifide,1
scornd,2
dide,2
carkases,2
butchers,1
stall,2
another,8
strowne,1
romaines,1
romulus,1
grandsyre,1
tarquin,1
lentulus,1
scipio,1
hanniball,1
sylla,1
marius,1
c¾sar,1
pompey,1
antonius,1
amongst,1
wemen,2
yoke,1
semiramis,1
transfixt,1
spoke,1
sthenoboea,1
cord,1
minded,1
cleopatra,1
aspes,1
stoutly,2
kill,4
thousands,2
besides,1
thralles,1
assembled,2
falles,3
wealthes,1
courts,1
idle,9
goods,1
thriftlesse,1
lastly,1
stowres,1
tould,2
early,5
priuie,2
posterne,1
doubtlesse,1
ensewd,1
descryde,2
corses,2
murdred,1
strowed,2
decent,1
ryding,1
castell,1
wall,4
donghill,1
spectacle,4
vi,1
fayre,2
releast,2
nation,5
learnes,1
beheast,2
saile,1
escaped,1
wrack,1
bewaile,1
marriner,1
stares,1
dares,1
foole,1
happie,10
ouersight,1
distrest,3
dreadlesse,1
escapt,2
ensamples,1
speed,2
dreed,2
forsake,6
archimagoes,1
defeat,1
forrest,4
defilde,2
vassall,1
vilde,2
treatie,1
perswade,2
yilde,1
gaynes,1
constraines,1
courted,1
constant,5
abhore,2
diamond,3
feed,4
fyrie,3
efforce,1
chastitye,1
flatt,1
ring,4
fayle,1
engines,2
batteree,1
ransackt,1
chastetee,1
act,1
outraged,1
iust,7
withhold,3
maiden,3
shrieking,2
loud,7
importuneth,1
skyes,2
molten,4
starres,2
drop,2
hides,1
prouidence,1
appeares,3
pluck,3
griped,2
outcryes,1
woodes,1
forestes,1
resownd,1
troupe,2
faunes,1
satyres,6
rownd,1
syluanus,4
shady,1
arber,1
sownd,6
strained,1
voice,3
rurall,1
meriment,2
rebownded,1
noyce,1
incontinent,2
rablement,2
wyld,4
woodgods,1
ruffled,1
rayments,1
blubbred,1
vnhappie,3
vnworthie,1
amaz,2
hunger,3
seely,2
spyes,1
lim,1
grim,1
ioynt,5
frowning,1
forheads,1
hornes,2
rusticke,1
grenning,1
knees,3
humbly,3
commit,2
single,3
barbarous,1
learnd,2
trust,1
ensu,1
wonder,5
prostrate,1
kisse,1
fawne,1
faine,9
ghesseth,1
yieldes,1
extremitie,1
fearelesse,2
walketh,1
singing,2
ryme,1
strowing,1
cround,1
merry,4
pipes,1
eccho,1
leaping,3
kids,1
pleasant,2
awaked,1
gouerning,2
stadle,1
twyne,1
girt,1
wonders,2
bacchus,1
inuent,1
cybeles,1
franticke,3
rites,2
drawing,3
vewing,1
dryope,1
pholoe,1
compaire,1
woodborne,1
flat,2
bethinkes,1
sometimes,3
diana,2
misseth,1
buskins,1
ginneth,1
cyparisse,1
pourtraiture,1
amisse,1
hynd,1
blisse,2
ould,1
pynd,1
wild,2
wooddy,1
nymphes,2
hamadryades,1
apace,3
naiades,1
malitious,2
woody,1
lucke,2
lucky,2
miseries,1
during,3
plyes,1
worshipt,1
image,1
idolatryes,1
zeale,3
restraine,2
own,2
fayn,1
kindred,1
lignage,4
deserued,2
landes,1
betyde,1
begotten,1
myld,2
thyamis,1
labryde,1
wedlocke,3
therion,1
swayne,2
raunge,1
chase,2
payne,1
serue,4
vayne,1
longing,1
spouse,2
game,3
venery,1
satyre,1
coles,2
links,1
vnbind,2
cabin,2
captiue,6
sensuall,1
suffred,1
retire,4
ransome,1
ryper,2
aspire,1
noursled,1
manners,2
exilde,1
ymp,2
cowardize,1
bastard,1
teats,1
whelps,1
roring,1
buls,1
backes,1
robuckes,1
tremble,6
horrid,2
rashly,1
despise,1
stoup,1
lesson,2
libbard,1
roaring,4
approued,2
yokes,1
spotted,1
panther,1
tusked,1
pardale,1
tigre,1
antelope,1
quell,3
aw,2
tyrans,2
sportes,1
pastime,1
lyonesse,1
whelpes,1
lull,1
withouten,1
childish,2
quaked,3
reuokt,1
perswaded,2
womanish,2
satyrane,6
dearling,1
dally,1
fellowes,1
delights,2
trayned,1
raught,3
abode,2
walkt,1
forest,2
haught,1
desird,1
forreine,1
foemen,2
ouerthrowne,2
blown,1
manner,3
offspring,1
habiliment,1
teaching,1
lips,1
redound,1
curteous,4
admire,1
blaming,1
proofe,3
crueltie,2
hurtlesse,1
thenceforth,5
discipline,3
veritie,1
acquaintaunce,1
shewed,2
pensiue,4
recouer,3
forwandring,1
newes,4
betide,1
spying,1
forworne,1
soild,1
dust,4
dried,2
sandales,1
torne,2
boyling,3
sands,1
arabie,1
ynde,1
iacobs,1
staffe,3
scrip,1
hang,2
bind,2
inquerd,1
herd,1
aske,2
armour,7
croslet,1
aye,3
eies,1
thrild,2
reared,4
comforted,4
processe,1
lesser,2
pangs,1
pilgrim,2
fatall,3
sory,1
arraung,1
imbrew,2
thristed,1
stoutest,2
foreby,2
washing,1
marched,2
ghest,2
defide,1
miscreaunt,1
knightlesse,1
trecherous,1
train,1
fowly,4
vaunt,4
slain,1
maintain,1
amain,1
square,2
buckled,3
misborne,1
wrongs,2
blamest,1
blent,1
traiterous,1
perdie,1
beene,12
lent,2
shalt,4
prouen,1
thunder,1
fiersly,2
assaile,4
plate,2
fleshes,1
floods,3
satisfie,1
hungred,1
pursue,1
fainting,1
breathen,1
refreshed,1
renue,1
bores,1
rancling,1
fret,1
til,1
breathlesse,2
tuskes,1
whet,1
trample,2
respire,3
breathed,3
entire,3
increasing,1
puissant,4
drerie,1
gore,4
scarsely,3
known,1
noise,3
thrown,1
arriu,1
erth,1
fruitles,1
sown,2
memory,3
lusts,1
attempted,1
catch,1
newly,2
sternely,1
businesse,1
plie,1
hunt,1
vnspotted,3
faeries,8
incenst,1
hadst,1
repented,1
ayd,4
token,1
pate,1
afrayd,2
leasing,1
deed,3
archimage,1
reioyced,1
damsell,1
stond,1
pursewd,1
lamentable,1
cace,4
battels,2
vii,1
gyaunt,3
arthur,6
meets,1
ly,1
descry,1
crafty,1
visour,1
colours,1
dyed,1
graine,2
fitting,3
gestures,1
purpose,4
maistresse,2
cloked,1
fidessaes,1
drery,1
fownd,4
perilous,1
pryde,2
disarmed,2
coted,1
grassy,2
forage,1
ate,1
feedes,1
cooling,1
bayes,1
sweatie,1
wind,7
tre,1
bling,1
playes,1
cherefull,1
birds,1
chaunt,1
musick,1
reproch,2
carelesnesse,1
vnmeet,1
soure,1
hony,1
vnkindnesse,1
treat,2
bathe,2
shielded,1
boughes,2
decking,1
glade,2
bubbling,1
feruent,4
sommer,1
nymph,2
befell,3
phoebe,1
following,2
tyr,1
waxed,1
hereof,2
graile,1
cristall,1
chaunged,1
crudled,2
faintnesse,2
chill,1
swelt,1
pourd,2
loosnesse,1
grownd,1
bellowing,2
rebownd,1
astownd,3
vpstarted,2
vnready,1
weapons,1
stalking,2
geant,1
talnesse,1
groned,1
stature,1
exceed,2
tallest,1
aeolus,1
boasted,1
womb,1
inspire,1
caues,2
stormie,2
conceiu,1
trebling,1
wombes,1
expire,2
masse,2
puft,1
emptie,3
growen,2
arrogant,1
presumption,1
matchlesse,1
snaggy,1
oke,2
bowelles,1
dismayde,2
aduance,3
insupportable,1
mayne,2
towardes,2
praunce,1
hopelesse,2
disarmd,1
disgrast,1
weeld,1
geaunt,2
maynly,1
pouldred,1
villeins,1
stound,4
engin,2
deepest,2
framd,1
windy,1
nitre,1
quick,2
sulphur,2
ramd,1
bullet,1
ordaind,2
conceiueth,1
smouldry,1
duskish,2
stincking,1
daunts,2
heaued,2
crye,2
orgoglio,3
bondslaue,1
hearkned,1
gayne,1
willingly,2
slombred,1
castle,10
highly,2
honourd,1
triple,1
crowne,2
endowd,1
maiestye,1
awfull,1
ybred,1
fen,1
alcides,1
stremona,1
fostred,1
filth,2
lerna,1
budding,1
scaly,4
embrewd,1
tayle,5
extorted,1
borrow,1
lamps,1
braught,1
prowdly,1
naught,1
tread,6
heasts,1
foretaught,1
maisters,1
keeping,2
grasing,1
become,3
weed,1
missing,2
maisterlesse,1
poynant,1
bleed,1
moniments,1
departes,1
trauaild,1
pursuit,1
dwarf,1
signes,3
regret,1
pant,1
outwardly,1
recouering,1
rub,1
temples,1
chaufe,1
retourne,1
mourne,2
liking,2
threeds,1
vnfould,1
senselesse,2
lightsome,1
droue,2
sorow,1
repentance,4
abyde,2
seeled,1
reviu,1
wrestled,1
enemie,1
foltring,2
tragedie,1
tempestuous,1
vtmost,1
whole,3
launched,2
traines,1
hould,1
conflict,1
gyant,8
patience,5
almost,2
tway,2
dearer,1
slaked,1
renewed,2
stormes,2
measurd,1
marching,1
arayed,2
shined,1
toe,1
appeared,1
endanger,1
athwart,1
bauldrick,1
shynd,1
twinkling,1
stars,1
stons,1
midst,1
mights,1
shapt,1
lights,1
sheath,1
ycaru,1
curious,2
slights,1
hilts,1
enfold,3
beuer,1
seem,5
fierie,2
bunch,1
sprincled,1
richly,3
drest,3
almond,1
selinis,1
blossomes,1
bedecked,1
daintily,1
locks,1
enduring,2
mettals,1
perfect,2
cleene,3
massie,1
adamant,2
keene,4
percen,1
substance,1
disclose,3
daunt,2
armies,1
attaint,1
staynd,2
enchaunters,1
raskall,2
routes,1
appall,2
stones,2
transmew,1
prouder,2
credence,1
exceedes,1
admirable,1
deedes,3
merlin,2
wightes,1
thrice,3
heated,1
pikehead,1
menage,1
curbed,1
canon,1
chauft,1
rowels,1
frothy,1
fome,1
answeres,1
distraine,1
allay,1
storming,1
display,3
emmou,1
worlds,1
plung,1
reach,6
beginneth,1
creepe,2
arrow,1
yts,1
rip,1
auaile,1
groneth,1
intrete,1
vnfold,2
mishaps,4
maistred,1
aduice,1
discrete,1
mittigates,1
impart,1
easily,1
paire,2
empaire,1
guided,2
settle,1
gratious,5
breach,5
direct,1
prowesse,4
storie,1
briefe,2
laughing,1
stocke,3
mockeries,1
only,1
parents,6
destinies,1
felicities,1
fauourable,2
enuy,2
spread,2
territories,1
phison,1
euphrates,1
floweth,1
gehons,1
lakes,1
tartary,1
deuouring,4
brasen,3
foure,1
yeres,1
besiegd,1
aduenturous,1
enterprizd,1
walks,1
atchieuements,1
pursew,3
shronke,2
yledd,1
reported,1
order,2
maidenhed,1
gloriane,2
kingdomes,1
cleopolis,3
obtaine,1
tyrants,1
deliuer,2
chance,3
vnproued,1
vnregarded,1
witnesse,4
dismaide,1
byting,3
disauenturous,1
beginnings,1
langour,1
abusd,1
misdeeme,1
loyalty,2
rather,6
esteeme,1
aright,4
bywaies,1
betooke,1
witchcraft,1
misseeming,3
inueigled,1
desires,1
vnmeete,1
betraid,1
dissolute,1
surprised,1
mall,1
dungeon,2
aie,1
ended,2
certes,2
madame,1
acquit,1
reuiu,1
viii,1
brings,6
slayes,1
strips,1
righteous,4
acquite,1
continuall,2
weaknesse,2
deliuera,1
ce,1
sadly,2
builded,2
cryde,4
yonder,3
gyants,1
alighted,1
befall,2
admirer,1
answere,5
commers,2
horne,1
bugle,1
twisted,1
tassels,1
vertues,6
weren,1
vses,1
manifold,5
miles,1
ecchoes,1
enchauntment,1
deceiptfull,1
presently,1
voide,1
wholly,1
locke,1
percing,4
flew,5
geants,1
freewill,1
dismaied,2
dalliance,1
rushing,1
inner,3
manyheaded,1
crowned,3
creast,2
shild,1
arme,10
eger,1
greedinesse,1
inflam,2
club,3
snubbes,1
knottie,1
encounter,3
warie,1
pere,2
maine,3
auoide,1
violence,1
nere,1
booted,2
thunderbolts,1
shunne,2
enforcing,2
marke,4
misaymed,1
deepely,1
driuen,1
yardes,1
furrow,2
earthquake,1
almightie,4
sins,2
food,1
enrold,2
smouldring,1
firmament,1
threeforked,1
angrie,2
shooting,1
casts,1
boystrous,2
buried,2
rearen,1
auantage,1
combred,1
clubbe,1
smote,3
depriu,1
truncked,1
desperate,1
impatient,3
brayd,2
rebellowed,1
cymbrian,1
bulles,1
milkie,1
complaine,1
murmur,1
stownd,2
daungerd,1
presumpteous,1
brands,1
bulwarke,1
affronted,1
stop,2
ouerthroe,1
scorning,1
nathemore,2
courageous,1
bard,1
atwixt,1
cup,3
replete,1
despeyre,1
sup,1
enchauntments,1
sprinkled,1
quayd,1
seize,1
crusht,1
panting,1
auise,1
fought,3
enterprise,2
thraldome,1
scalpe,2
tore,3
shaped,1
gusht,1
ouerflowed,2
waded,1
roared,1
scourging,1
impatience,1
trod,1
myre,2
succoured,1
hurtling,1
retyre,1
disperst,1
vnites,1
erst,2
aloft,4
dites,1
smites,1
strongest,1
lites,1
doubleth,1
aier,1
endure,4
withdrew,1
weapon,4
headed,1
sunshiny,1
became,7
daz,1
tumbled,1
reeld,1
perish,1
amoou,1
almighties,2
lightning,1
dimmes,1
sparkling,1
leg,1
tombled,1
growing,2
rocky,2
clift,3
hartstrings,1
trunck,1
roll,1
rocks,3
engins,1
slight,2
vndermined,1
feebled,1
ruine,1
victours,2
gyaunts,1
globe,1
smot,3
headlesse,1
vnweldy,1
wallowd,2
flowed,2
breast,1
mas,1
bladder,1
atchieuement,1
gladnesse,1
modestie,3
noblesse,1
cheualrie,1
suffer,3
bud,1
springing,2
merites,2
requite,2
vsuree,1
scape,2
bethrall,1
whore,1
keepen,2
carefully,1
forcibly,2
espye,2
lowdly,3
crooked,1
failed,1
ygo,1
keyes,4
vnused,1
rust,1
ouergrow,1
fashion,1
vntoward,1
moou,1
wrincled,1
trace,1
keeper,1
foster,1
ignaro,1
aread,7
reuerend,1
grauitie,1
honord,1
beseemed,3
sayde,1
displeased,1
mocke,1
pourtrahed,1
natures,1
pen,2
ages,1
grauer,1
demaund,2
senceless,1
doted,1
ignorance,1
temperance,1
stepping,1
enterance,1
opened,3
barre,2
empeach,1
resplendent,1
abound,1
floore,2
babes,3
innocents,1
sheepe,1
fold,2
marble,1
altare,1
caru,1
imagery,1
christians,1
martyrs,1
tyranny,1
hardest,2
bleede,1
bowr,1
lockt,2
key,1
withall,2
housed,1
therewithin,1
enlargen,1
dolours,3
resound,1
choyce,1
moones,1
cha,1
ged,1
thrilled,1
forlore,2
indignation,2
flore,1
banefull,1
smell,2
neither,4
hateth,1
nicer,1
prisoner,1
thighes,2
pined,1
drere,1
sunck,1
pits,1
cheekes,3
deceiued,1
rawbone,1
brawned,1
bowrs,1
plates,1
consum,1
decayd,1
shronk,1
withered,1
flowres,4
wan,1
fround,1
influence,1
berobbed,1
looks,1
marre,1
wele,1
lackt,1
fie,3
auowed,1
wreakes,2
alay,2
treble,2
penaunce,2
growes,4
priefe,3
treaten,1
famine,1
needed,1
victorious,2
breeds,2
loathing,2
eare,2
agein,1
written,2
patient,1
roote,1
disaraid,1
robd,1
strip,1
despoild,1
wrinckled,1
fauoured,1
biddeth,1
altogether,1
bald,1
honorable,2
eld,2
ouergrowne,1
scurfe,1
scald,1
rotten,1
gummes,1
feld,2
abhominably,1
smeld,1
bladders,1
lacking,1
matter,1
weld,2
wrizled,1
rind,1
scabby,1
loathd,1
womankind,1
chaster,1
blush,1
write,1
rompe,1
foxes,1
dong,1
eagles,2
claw,2
talaunts,1
vneuen,2
paw,3
seemeth,2
counterfesaunce,1
disrobed,1
feature,1
lurkt,1
vnespide,1
afterwards,2
ix,1
tells,1
friendly,3
treuisan,3
despayre,1
withstands,1
yfere,1
linked,1
minds,1
allyed,1
poursuit,1
cheualrous,1
emprize,2
despize,1
deuize,4
redeemd,1
empaird,1
recured,2
leasure,1
vnknown,1
thanklesse,1
require,3
compas,1
certain,1
sprong,3
admit,1
pap,1
taken,1
vpbrought,2
thewes,2
timon,2
byliue,1
expertest,1
wisest,1
valley,2
rauran,1
mossy,2
riuer,2
dee,1
billowes,4
rolls,1
rore,4
traind,1
magicien,1
ofttimes,1
visit,1
tutours,2
nouriture,1
ouersee,1
priuitie,1
loines,1
aunswere,1
heire,3
gent,2
pupill,1
course,4
foresight,1
vnghest,1
rancle,1
behest,4
helpt,1
grieue,1
gentlest,1
sparkes,1
moysture,1
lesseneth,1
glow,1
iwill,1
reuele,1
coale,1
warnd,2
timons,1
vnrest,1
wexeth,1
mournfull,1
tragedy,1
laugh,2
brent,2
libertie,2
shot,2
warded,1
gouernment,1
battrie,1
vnawares,1
disauantage,1
trustes,1
boasts,3
soonest,1
disauentrous,1
yeeldes,1
neck,2
mated,1
curbd,1
iollitie,1
raunging,1
consent,1
sports,3
pillow,1
embayd,1
steale,1
parting,1
awoke,1
deuoyd,1
pressed,1
lyen,1
isorrowed,1
washed,1
watry,1
tyne,1
vow,2
monethes,1
ni,1
ll,1
cloke,1
ofte,1
seldom,1
shalbe,2
firmest,1
extremest,1
patrone,3
gaine,1
prowes,1
yf,1
remembraunce,1
voyage,4
als,2
earnd,1
traueill,1
friendship,1
establish,1
gifts,2
gratefull,1
mynd,1
pledges,3
ioynd,1
boxe,1
embowd,1
ornament,1
closd,1
liquor,1
saueours,1
testament,1
able,4
realme,1
weighing,1
decayed,2
shrunken,1
synewes,2
chosen,4
recouered,2
espy,1
gallop,1
agast,1
followed,1
heeles,1
fole,1
pegasus,1
perceiue,1
vnarmd,1
curld,1
vncombed,1
vpstaring,1
stiffe,2
increase,3
knighthoods,1
hempen,1
rope,3
weares,1
agree,1
memoree,1
mister,1
adding,1
amazment,1
hartlesse,2
astonisht,1
aspide,2
vntide,1
replide,1
eft,1
hartie,2
frosen,1
emboldned,1
boldnesse,1
safetie,2
history,1
nye,1
recount,1
ilate,1
companee,2
terwin,1
affaires,1
villen,1
scapt,1
whyleare,1
greets,1
areedes,1
inquireth,1
states,1
ourfeeble,1
darts,1
wounding,1
repriefe,1
stint,1
instrument,1
luckie,1
dismall,1
infirmitie,1
spoyle,2
iwote,1
worldes,2
dropping,1
honny,1
mealt,1
searcheth,1
stealth,1
treachours,1
tride,1
arriue,1
leuer,1
craggie,1
ypight,1
carrion,1
carcases,2
dwelt,2
draue,1
ghostes,1
stockes,1
stubs,1
whereon,5
leafe,2
wretches,1
hanged,1
teene,2
approchen,1
enter,1
sullein,1
griesie,1
lockes,4
vnbound,1
disordred,1
astound,1
bone,3
penurie,1
dine,1
clouts,1
thornes,2
pind,1
patched,1
abouts,1
luke,1
warme,1
fixed,4
approuing,1
tale,1
villein,2
fact,1
iustice,4
distraught,1
iudgement,3
despayring,1
deseruing,1
vniust,1
loatheth,1
liueth,1
vneath,3
trauels,1
meetes,1
sticke,1
grieues,1
fond,3
ioyest,1
wilt,3
banke,1
enioy,2
wanderest,1
short,2
layes,1
toyle,4
limited,1
shorten,1
souldier,1
watchfull,1
captaine,1
limit,1
knowes,1
established,1
points,1
centonell,1
license,1
droome,1
create,1
ends,1
begonne,1
date,2
necessitie,2
holds,1
chaunging,1
ordaynd,1
praysd,2
hereafter,2
repay,1
forespent,1
missed,2
betake,2
preuent,1
sicknesse,2
rageth,1
mo,1
ballance,1
weigh,1
dared,1
disauentures,1
prolonged,1
forestall,1
maiest,1
happen,1
measure,2
hire,1
iniquitie,1
burden,1
periurie,1
knowledge,1
impietie,1
sinner,1
needs,3
willinglie,1
linger,1
glasse,1
ronne,1
enmoued,1
perse,1
conscience,5
knowing,1
reherse,1
reuerse,1
crimes,2
disperse,1
rimes,2
quakt,1
fainted,1
amazement,1
perceiued,1
wauer,1
dant,1
quaile,1
table,1
brimstone,2
sentence,1
ouercraw,1
ropes,1
perdition,1
choose,1
aspin,1
resolu,1
finall,1
reliu,1
harted,1
meanest,1
vauntst,1
bewitch,1
mercies,1
shouldst,1
despeire,1
grows,1
writing,1
amounted,1
carle,1
sleight,1
halter,1
among,1
hung,1
vnbid,1
vnblest,1
nathelesse,1
x,1
assurance,1
mortality,1
spirituall,2
yeelds,2
cowardly,1
ascribe,1
gained,1
hapned,1
sinews,1
enprisonment,1
restraint,1
cherish,1
diets,1
daint,1
chearen,1
auntient,1
renowmd,1
gouernd,1
matrone,4
relieue,2
needes,2
helpelesse,1
bedes,1
c¾lia,1
daughters,2
fidelia,5
speranza,3
virgins,4
spousd,1
wedlocks,1
solemnize,2
charissa,4
fere,1
lincked,1
dere,1
warely,3
watched,1
hory,1
humilt,1
stouping,2
narrow,4
spacious,1
walked,1
francklin,1
zele,1
behauiour,1
hee,1
gladly,1
demeanure,1
reuerence,4
entreat,1
nicetie,1
vnfained,1
persons,2
leades,1
matronely,1
embracing,1
ceasest,1
soles,1
turnes,1
partakers,1
walke,2
rightest,1
tyred,1
blazed,1
greeted,1
modest,3
entertaynd,1
sies,2
wanted,1
bounteous,1
ylinked,1
demure,1
numberd,1
beholders,1
araied,1
signd,1
seald,1
vnderstood,1
younger,1
sister,3
anchor,2
leaned,1
swarued,1
betwene,1
salute,1
beseeming,1
quites,1
gest,1
wants,2
elsewhere,1
lightned,1
wombe,2
encreast,1
troublesome,1
thankt,2
encrease,1
coelia,3
whyle,1
iread,1
recoyle,1
groome,2
lodge,1
despoile,1
obedience,1
rightfully,1
ared,1
bodies,2
refresht,1
schoolehouse,1
plaste,1
learning,1
graunted,1
agraste,1
bookel,1
ywrit,1
except,1
disclosed,1
documents,1
thereout,1
preach,1
thrill,1
larger,1
commaund,2
hostes,1
shod,1
flouds,1
mountaines,2
perfection,1
loath,1
sinnes,3
desirde,1
dismayes,1
distressed,1
disdeining,1
desiring,1
assayld,1
acquainted,1
aduisement,1
diligence,1
fetch,1
insight,1
diseased,1
intreat,1
noyd,2
apply,4
cines,1
added,2
asswag,1
corruption,1
infected,2
purg,2
remained,1
festring,1
rankle,1
extirpe,1
corrosiues,1
diet,1
humors,1
dieted,1
fasting,1
mitigate,1
superfluous,1
rot,1
amendment,1
wayt,1
pincers,1
whot,1
corrupted,1
iot,1
disple,1
pricke,1
nip,1
vsed,2
embay,1
salt,2
blots,1
sinne,1
deathes,1
gronings,1
cured,1
chearish,1
consuming,1
nest,2
bountie,1
personage,1
cupids,1
breasts,1
sucke,1
yellow,1
multitude,1
playing,1
tyre,1
gemmes,1
turtle,1
doues,1
requites,1
schoole,1
taking,2
instruct,1
righteousnesse,2
hatred,2
shonne,2
teacheth,1
descride,2
liberall,1
bushy,2
breares,1
firmely,1
vpbeare,1
hospitall,1
fore,1
bead,1
vowed,2
traueiling,1
needy,1
guardian,1
office,3
dewty,1
almner,1
thristy,1
feard,3
hoord,1
seede,1
wardrobe,1
custodie,1
tyres,1
plumes,3
aray,2
images,1
cloths,1
coate,2
cut,1
distribute,1
appointed,2
prisoners,1
captiues,1
turkes,1
faultie,3
wayd,1
forgiueth,1
harrowd,1
sicke,1
attend,1
departing,2
sixt,1
engraue,1
deck,1
bridall,1
workemanship,1
graunt,2
defould,1
seuenth,1
buriall,1
orphans,1
widowes,1
vndone,1
fee,1
supply,1
chiefest,2
alwayes,1
louted,1
lowlinesse,1
patronesse,1
founderesse,1
awhile,1
stayes,1
charitee,1
industree,1
shortly,3
rebuke,1
painfull,1
busines,1
goodnesse,1
meditation,1
blunt,1
persant,1
scale,1
frost,1
spangles,1
sinew,1
vnfed,1
pyn,1
agrieued,1
respected,1
standing,1
clomb,1
tedious,2
height,1
leadeth,1
glistreth,1
euerliuing,1
behight,2
according,2
steady,1
sead,1
clemencie,1
incline,1
bidst,1
leads,2
traueiler,1
delay,1
season,1
assoiled,1
recur,1
infirmitis,1
front,1
disparted,1
rod,1
army,1
yod,1
fortie,1
receiue,1
oliues,1
thereon,4
pleasaunt,1
renownd,1
notes,3
citie,6
perle,1
describe,1
ditty,1
happinesse,1
descend,1
gladsome,1
commonly,1
enquere,1
extend,1
starry,1
sphere,1
vnknowen,2
empeopled,1
hierusalem,3
lam,1
sam,1
glings,1
panthea,1
dims,1
peece,1
beholden,1
beseemes,1
couet,2
immortall,2
eternized,1
iustly,2
english,3
accompted,1
elfins,1
foredonne,1
suit,1
wars,1
presage,1
peaceably,1
pilgrimage,1
england,1
victoree,1
wretch,1
attaind,1
battailes,2
vanish,1
ioyes,2
empare,1
maist,1
forgo,1
maides,1
bequeathed,1
abet,1
disconsolate,1
pilgrims,1
nominate,1
auouchen,1
cradle,1
springst,1
saxon,1
reard,2
britane,1
vnable,1
slepst,1
swadling,1
base,1
chaungelings,1
chaungd,1
theft,1
ploughman,1
toylesome,1
ploughmans,1
byde,1
georgos,1
cam,1
st,1
puissaunt,1
fauours,1
compard,1
back,2
awaited,1
mindfull,2
xi,1
fights,1
incessantly,1
ouerthrowes,1
gayns,1
approched,1
soyle,1
haunts,1
foeman,2
sparke,1
batteill,1
vndertake,1
pointing,1
watchman,2
happily,1
filled,1
rousd,1
blith,1
hastned,1
yede,1
aloofe,1
battailles,1
proof,1
ympe,1
bride,1
ennoblest,1
infest,1
s,1
enrage,1
aswage,1
trompe,1
begins,1
equipage,1
scared,1
mars,1
bedyde,1
string,2
tunes,1
tenor,1
rayse,1
largenesse,1
measured,1
vast,1
greatnesse,1
scales,3
plated,2
harmd,1
eagle,2
aery,1
rouze,1
clashing,1
rouzed,1
flaggy,1
sayles,2
wynd,1
worketh,1
pennes,1
pineons,2
yards,1
canuas,1
lynd,1
foldes,1
wreathed,1
boughts,1
vnfoldes,1
thicke,1
entangled,1
adown,1
bespotted,1
sweepeth,1
furlongs,1
sharpest,2
exceeden,1
sharpnesse,1
toung,1
gaped,1
abisse,1
rauin,1
iaw,3
ranckes,1
enraunged,1
deuoured,1
atonce,1
smoothering,1
seare,1
stinking,1
steemed,1
stench,2
sparkled,1
beacons,1
shyre,1
conspyre,1
region,1
inuade,2
flam,1
rancorous,1
glaring,1
dreadfully,1
forelifting,1
bounding,1
brused,1
ioyance,1
newcome,1
vpreare,1
shoke,1
defiance,1
steadie,1
theare,1
amoued,1
brush,1
recoyld,2
auenged,1
imperceable,1
prou,1
wauing,1
displayed,1
yielding,1
flitting,1
vnsound,1
weight,1
cutting,1
soared,1
vnweldie,1
ewghen,1
shaft,1
struggling,1
flightes,1
hagard,1
hauke,3
presuming,1
hardie,1
hable,2
pounces,1
trusse,1
disseized,1
gryping,1
grosse,1
thrillant,1
assayd,2
embosse,1
glyde,1
wing,2
wintry,1
wreck,1
rolling,2
henge,1
steely,1
stucke,2
sunder,2
broke,2
goarie,1
trebly,1
augmented,1
rooted,1
nosethrill,1
enwrapt,2
nimble,1
thyes,1
froth,1
fomy,1
knot,1
tyes,1
streighter,1
bandes,1
constraynd,1
rider,1
ryse,1
durty,1
distaynd,1
disdaynd,1
hardned,3
deeper,1
extremely,1
beguyld,1
sparckling,2
forcible,1
stye,1
vnseruiceable,1
vehement,1
ouen,1
flake,1
affeard,1
swinged,1
seard,1
poetes,1
twelue,2
extold,1
fits,1
poysoned,1
enchaunt,1
centaures,1
charm,1
harm,1
emboyled,1
defyld,1
silo,1
iordan,1
spau,1
cephise,1
hebrus,1
ouerthrowen,1
watred,1
iournall,1
kest,1
discoloured,1
clapt,1
entirely,1
folded,1
watcht,1
praying,1
drenched,1
hoary,1
deckt,1
feathers,1
eyas,1
mounts,1
skies,1
budded,1
marueiles,1
doubted,1
supplied,1
brandishing,1
crested,1
smite,1
scull,1
dulled,1
sharper,1
baptized,1
embrew,1
subtilty,1
yelded,1
scourge,1
buxome,1
yeelden,1
ouerthrew,1
intended,1
behot,1
needle,1
seasd,1
diseasd,1
ranckling,1
appeasd,1
wring,1
soile,2
infixed,1
tryde,1
struggeling,1
heft,1
knotty,1
fiue,1
stump,1
outrage,1
enfouldred,1
dire,1
rancour,1
engorged,1
gript,1
talants,3
plucke,1
trustie,1
plaid,1
sparckles,1
anduile,1
wedge,1
swaid,1
vnty,1
stroks,1
sustaine,1
minisht,1
fournace,1
aetna,1
stew,1
belch,1
rockes,1
ribs,1
clouds,1
heate,1
pestilence,1
entrailes,1
recoyled,1
slide,1
terrifide,1
apples,1
rosie,2
vermilion,1
planted,1
incorrupted,1
sow,1
mornefull,1
dy,1
flowd,1
balme,2
fertill,1
deawed,1
ointment,1
approch,3
preserued,1
detest,1
aduentur,1
sable,1
torch,1
besmeard,1
tithone,1
clymbe,1
flowers,1
salutes,1
mounting,2
awaiting,1
deuourd,1
damnifyde,1
woxe,1
nathlesse,1
aduaunced,1
rusht,1
outragious,1
r,1
rebutted,1
aduantage,1
importune,2
emperst,1
retyrd,1
rockie,1
washt,1
poyse,1
mayneland,1
trembled,1
misdeem,1
nigher,1
atchieu,1
xii,1
betrouthed,1
imploy,1
hauen,1
vere,1
shete,1
kend,1
landed,1
iourneyes,1
barke,1
weather,1
footed,1
teeme,1
steeme,1
outbreathed,1
dragons,1
vprose,1
tryall,1
brazen,1
hond,2
proclaymed,1
forrayed,1
trompets,2
tort,1
imprisoned,1
sieged,1
consort,1
reioycing,1
bondage,1
beseene,2
peres,1
grauely,1
gownd,1
march,1
conquerour,1
prostrating,2
proclame,2
girlands,1
medow,1
timbrels,1
vpheld,1
maydens,2
sounding,1
tymbrels,1
sung,2
attuned,1
beholds,1
enraung,1
wrestle,1
run,1
earnest,1
admired,1
wonderment,1
extent,1
faynd,1
wiser,1
perhaps,1
remaynd,1
dragonets,1
heed,1
indeed,1
foolehardie,1
chyld,1
babe,1
reuyld,1
gossips,1
scratch,1
acres,1
folke,1
defeasance,1
greetes,1
imbrace,1
kisseth,1
shaumes,1
clarions,1
sings,1
strowes,1
street,1
purueyance,1
bespred,1
guize,1
riotous,1
dishes,1
seruices,1
containe,1
excesse,1
luxurious,1
meates,1
drinkes,1
kinde,1
appetites,1
quenched,2
befallen,1
vtt,1
rance,1
exprest,2
discourst,1
pittifull,2
passionate,1
heapd,1
tossed,1
bedeawd,1
hearers,1
cheaks,1
daungers,1
seised,1
doughty,1
bounden,1
troubler,1
preace,1
release,1
vndo,1
marriage,1
accomplish,1
betwixt,2
twain,1
deforme,1
ouercame,1
apparaunt,1
perteines,1
vn,1
heyre,1
proceeding,1
bedight,1
shewd,1
wimple,1
withoutten,1
spot,1
silke,2
sunshyny,1
lineaments,1
enchace,1
bowed,1
excellence,1
eloquence,1
pretence,1
suddeinnesse,1
vnwarie,1
disclosing,1
paper,1
eden,1
aduized,1
linck,1
already,1
plighted,1
affiaunced,1
erraunt,1
infamous,1
forswore,1
swore,1
periury,1
polluted,1
coniure,1
iniury,1
league,1
weakenesse,1
widowhed,1
requireth,1
soe,1
abashed,1
astonished,1
brake,1
aduenturest,1
heates,1
ame,1
wrapped,1
hereat,1
intendiment,1
wherefore,1
hitherward,1
declard,1
inuegle,1
wylie,1
stepped,1
treasons,1
wroght,1
awaite,1
suborned,1
improuided,1
breaking,1
practicke,1
footman,1
clokt,1
simplenesse,1
ghesse,1
tries,1
fraight,1
attacht,1
faitor,1
strait,1
sorely,1
chained,1
semblaunce,1
chains,1
trains,1
pacifide,1
forbidden,1
banes,1
deuide,1
housling,1
prouide,1
sprinckled,1
teade,1
chamber,1
burnen,1
sprinckle,1
posts,1
perfumde,1
frankincense,1
odours,1
warbling,1
pleasantly,1
maiesty,1
trinall,1
triplicities,1
proceeded,1
rauished,1
impression,1
proclaimd,1
suffice,1
vsuall,1
gealosy,1
swimming,1
blisfull,1
sworne,1
farie,1
sailes,1
mariners,1
passengers,1
vessell,1
lode,1
repaired,1
tackles,1
supplide,1
finish,1
finis,1
lib,1
,1
